#,Keyword,Country,Difficulty,Volume,CPC,CPS,Parent Keyword,Last Update,SERP Features,Global volume,Traffic potential,Global traffic potential,First seen,Intents,Languages,SV trend (02-2024 - 01-2026),SV Forecasting trend (02-2026 - 02-2027)
1,childcare management software,us,67,3000,5.00,0.96,childcare management software,2026-02-03 22:59:37,"AI Overview,Thumbnail,Sitelinks,Discussions,People also ask,Video preview",4500,7100,7900,2015-09-02,"Informational,Commercial,Non-branded,Non-local",English,"553, 802, 812, 965, 2932, 2388, 1690, 779, 1903, 2288, 2717, 2027, 1239, 2747, 2063, 1802, 1907, 3173, 6088, 4459, 3225, 3924, 2925, 2668","2496, 2559, 2241, 2220, 2796, 2533, 2930, 2033, 2338, 2024, 1941, 1600"
2,event registration software,us,52,1800,0.80,1.26,event registration software,2026-02-01 02:26:16,"AI Overview,Thumbnail,Sitelinks,Top stories,People also ask,Video preview",4000,1800,2000,2015-09-02,"Informational,Commercial,Non-branded,Non-local",English,"946, 966, 1190, 1053, 950, 842, 984, 1287, 1662, 1207, 1252, 2028, 1614, 2436, 2112, 2200, 2160, 2086, 1544, 1414, 1467, 1042, 1353, 1651","1580, 1532, 1575, 1801, 1656, 1554, 1526, 1475, 1510, 1511, 1353, 1651"
3,eventbrite alternatives,us,0,1000,5.00,1.3,eventbrite alternatives,2026-01-21 23:56:15,"AI Overview,Thumbnail,Sitelinks,People also ask,Discussions,Top stories,Video preview",1900,500,800,2015-09-03,"Informational,Commercial,Branded,Non-local",English,"1119, 1122, 886, 898, 1317, 1888, 1306, 1072, 1099, 1067, 870, 880, 855, 1136, 1363, 848, 687, 1181, 962, 1282, 969, 660, 928, 1024","997, 1014, 973, 913, 940, 1018, 978, 954, 995, 943, 858, 958"
4,online booking system for small business,us,89,600,7.00,,square appointments,2026-02-07 06:17:05,"AI Overview,Thumbnail,Sitelinks,People also ask,Discussions,Video preview",1800,69000,71000,2018-04-24,"Informational,Commercial,Non-branded,Non-local",English,"190, 234, 205, 462, 2089, 1399, 174, 275, 962, 305, 207, 365, 282, 386, 387, 457, 1244, 1029, 1039, 881, 414, 276, 353, 246","275, 239, 223, 282, 719, 287, 249, 187, 253, 48, 164, 128"
5,best recurring billing software,us,56,350,10.00,,automatic billing software,2025-12-28 10:02:37,"AI Overview,Thumbnail,Discussions,People also ask,Sitelinks,Video preview",800,700,900,2016-11-02,"Informational,Commercial,Non-branded,Non-local",English,"197, 241, 349, 196, 235, 205, 205, 364, 380, 660, 392, 272, 373, 388, 456, 329, 280, 203, 245, 546, 244, 340, 377, 366","351, 368, 383, 361, 361, 343, 352, 370, 369, 412, 412, 400"
6,tutoring software,us,61,350,2.00,1.12,tutorbird,2026-02-01 05:13:01,"Sitelinks,People also ask,Video preview",900,5200,13000,2015-10-08,"Informational,Commercial,Non-branded,Non-local",English,"220, 268, 267, 262, 215, 217, 222, 226, 197, 230, 212, 303, 237, 413, 292, 295, 228, 321, 498, 580, 275, 235, 375, 397","374, 418, 392, 398, 361, 392, 386, 413, 372, 386, 377, 399"
7,enrollment management software,us,8,200,3.00,,enrollment management system,2026-01-19 07:34:35,"AI Overview,Thumbnail,People also ask,Video preview",400,700,700,2015-10-02,"Informational,Commercial,Non-branded,Non-local",English,,
8,tennis club software,us,0,200,4.00,,courtreserve,2026-01-17 19:55:42,"Sitelinks,Video preview",450,18000,22000,2015-11-21,"Informational,Commercial,Non-branded,Non-local",English,,
9,webflow booking system,us,0,150,4.00,,webflow booking system,2026-02-05 08:40:15,Sitelinks,300,150,150,2019-05-22,"Informational,Commercial,Branded,Non-local",English,,
10,tutoring management software,us,53,150,3.50,,tutorbird,2026-02-02 00:04:51,Sitelinks,600,5200,13000,2017-03-15,"Informational,Commercial,Non-branded,Non-local",English,"65, 93, 65, 78, 138, 96, 115, 430, 323, 222, 108, 149, 119, 227, 111, 114, 93, 191, 197, 266, 202, 159, 182, 181","177, 188, 167, 166, 162, 158, 166, 193, 179, 164, 150, 151"
11,cheerleading software,us,0,150,4.00,,cheerleading software,2026-01-31 06:15:15,,300,100,100,2017-11-28,"Informational,Commercial,Non-branded,Non-local",English,,
12,shopify booking system,us,8,150,4.50,,shopify appointment booking,2026-01-26 02:07:02,"People also ask,Top stories,Thumbnail",500,600,700,2020-01-13,"Informational,Commercial,Branded,Non-local",English,,
13,client management software for coaches,us,2,100,10.00,,coaching client management software,2026-02-04 05:12:13,Sitelinks,200,3100,3700,2018-01-12,"Informational,Commercial,Non-branded,Non-local",English,,
14,weebly booking system,us,0,100,3.00,,weebly appointment booking,2026-02-03 12:33:27,"People also ask,Bottom ads,Paid sitelinks",200,80,80,2016-01-24,"Informational,Commercial,Branded,Non-local",English,,
15,workshop booking software,us,73,90,,,workshop booking software,2025-11-27 18:40:23,Sitelinks,250,40,50,2017-11-26,"Informational,Commercial,Non-branded,Non-local",English,,
16,ballet studio software,us,7,80,12.00,,dance studio pro,2025-12-23 08:52:51,"Sitelinks,People also ask,Video preview",250,5500,7400,2018-05-27,"Informational,Commercial,Non-branded,Non-local",English,"41, 32, 17, 23, 73, 136, 91, 245, 62, 34, 46, 33, 59, 90, 113, 79, 50, 67, 119, 102, 93, 123, 85, 86","91, 89, 93, 92, 99, 99, 100, 109, 90, 84, 87, 88"
17,online class registration software,us,24,70,0.15,,registration software for classes,2026-01-02 15:44:28,"Top ads,Sitelinks",150,300,300,2015-10-09,"Informational,Commercial,Non-branded,Non-local",English,"106, 88, 88, 105, 87, 45, 45, 78, 70, 62, 61, 75, 73, 92, 77, 63, 28, 61, 66, 102, 74, 77, 73, 90","76, 87, 80, 79, 72, 73, 87, 91, 80, 79, 77, 93"
18,gymnastics registration software,us,,70,,,,,,200,,,2020-01-17,,,,
19,hubspot booking system,us,,70,,,,,,150,,,2020-06-26,,,,
20,calendly vs square appointments,us,0,70,3.00,,calendly vs square appointments,2025-12-22 18:12:37,"Sitelinks,People also ask",100,40,40,2020-02-16,"Informational,Commercial,Branded,Non-local",English,,
21,kids activity booking software,us,,50,,,,,,100,,,2020-08-04,,,,
22,birthday party booking software,us,2,50,2.50,,party booking system,2025-12-25 15:32:12,"Sitelinks,Discussions",80,50,50,2017-03-16,"Informational,Commercial,Non-branded,Non-local",English,,
23,workshop registration software,us,,50,,,,,,80,,,2017-03-28,"Informational,Commercial,Non-branded,Non-local",English,,
24,amilia alternatives,us,,50,,,,,,60,,,2020-01-13,,,,
25,mindbody vs wellnessliving,us,,30,,,,,,30,,,2021-03-03,,,,
26,soccer academy software,us,,20,,,,,,30,,,2020-08-14,,,,
27,jackrabbit alternatives,us,,10,,,,,,20,,,2017-05-19,,,,
28,cooking class software,us,,10,,,,,,10,,,2023-04-26,,,,
29,kajabi booking system,us,,,11.00,,,,,,,,2020-07-24,,,,
30,best activity booking software,us,,,,,,,,30,,,2024-01-26,,,,
31,iclasspro alternatives,us,,,,,,,,,,,2025-12-17,,,,
32,iclasspro vs jackrabbit,us,,,,,,,,,,,2016-09-21,,,,
33,bookwhen vs eventbrite,us,,,0.00,,,,,,,,2018-10-01,,,"0, 0, 0, 0, 0, 0, 0, 0, 0, 12, 0, 0, 0, 0, 0, 0, 0, 0, 0, 0, 0, 0, 0, 0",
34,eventbrite vs splash,us,,,,,,,,,,,2017-07-24,,,,
35,drama school software,us,,,,,,,,40,,,2025-05-09,,,,
36,sunday school software,us,,,,,,,,,,,2016-02-03,"Informational,Commercial,Non-branded,Non-local",English,,
37,active network alternatives,us,,,,,,,,,,,,,,,
38,amilia vs active network,us,,,,,,,,,,,,,,,
39,campsite alternatives,us,,,,,,,,,,,,,,,
40,class manager alternatives,us,,,,,,,,,,,,,,,
41,classforkids alternatives,us,,,,,,,,,,,,,,,
42,enrolmy alternatives,us,,,,,,,,,,,,,,,
